<?xml version="1.0" encoding="UTF-8"?>
<project-private xmlns="http://www.netbeans.org/ns/project-private/1">
    <editor-bookmarks xmlns="http://www.netbeans.org/ns/editor-bookmarks/2" lastBookmarkId="0"/>
    <open-files xmlns="http://www.netbeans.org/ns/projectui-open-files/2">
        <group>
            <file>file:/C:/Users/Gollo/Downloads/proyectofinalcocina888/dinerfood(Estructuras)%20final/dinerfood/src/dominio/vistaRestaurante.java</file>
            <file>file:/C:/Users/Gollo/Downloads/proyectofinalcocina888/dinerfood(Estructuras)%20final/dinerfood/src/dominio/Operaciones3.java</file>
            <file>file:/C:/Users/Gollo/Downloads/proyectofinalcocina888/dinerfood(Estructuras)%20final/dinerfood/src/dominio/Nodo2.java</file>
            <file>file:/C:/Users/Gollo/Downloads/proyectofinalcocina888/dinerfood(Estructuras)%20final/dinerfood/src/dominio/Nodo1.java</file>
            <file>file:/C:/Users/Gollo/Downloads/proyectofinalcocina888/dinerfood(Estructuras)%20final/dinerfood/src/dominio/Operaciones.java</file>
            <file>file:/C:/Users/Gollo/Downloads/proyectofinalcocina888/dinerfood(Estructuras)%20final/dinerfood/src/dinerfood/Dinerfood.java</file>
            <file>file:/C:/Users/Gollo/Downloads/proyectofinalcocina888/dinerfood(Estructuras)%20final/dinerfood/src/dominio/sinPaciencia.java</file>
            <file>file:/C:/Users/Gollo/Downloads/proyectofinalcocina888/dinerfood(Estructuras)%20final/dinerfood/src/dominio/Operaciones2.java</file>
            <file>file:/C:/Users/Gollo/Downloads/proyectofinalcocina888/dinerfood(Estructuras)%20final/dinerfood/src/dominio/dominio1.java</file>
            <file>file:/C:/Users/Gollo/Downloads/proyectofinalcocina888/dinerfood(Estructuras)%20final/dinerfood/src/dominio/Operaciones10.java</file>
        </group>
    </open-files>
</project-private>
